,player_id,player_name,goal,shot
0,5196.0,Mohammad Ibrahim Al Sahlawi,0.0,1.0
1,5173.0,Abdullah Ibrahim Otayf,0.0,2.0
2,5175.0,Ilya Kutepov,0.0,1.0
3,5178.0,Salman Mohammed Al Faraj,1.0,1.0
4,5187.0,Salem Mohammed Al Dawsari,1.0,7.0
5,5183.0,Yasir Gharsan Al Shahrani,0.0,5.0
6,5192.0,Yehya Sulaiman Ali Al-Shehri,0.0,0.0
7,5182.0,Aleksandr Samedov,0.0,2.0
8,5170.0,Mário Figueira Fernandes,1.0,1.0
9,5194.0,Fyodor Smolov,0.0,2.0
10,5185.0,Taisir Jabir Al Jassim,0.0,0.0
11,5197.0,Omar Ibrahim Omar Othman Hawsawi,0.0,0.0
12,5174.0,Sergei Ignashevich,0.0,3.0
13,5180.0,Alan Dzagoev,0.0,1.0
14,5171.0,Roman Zobnin,0.0,7.0
15,5177.0,Aleksandr Golovin,1.0,2.0
16,5193.0,Yuri Zhirkov,0.0,2.0
17,5191.0,Mohammed Al Burayk,0.0,1.0
18,5172.0,Igor Akinfeev,0.0,0.0
19,5189.0,Abdullah Ibrahim Al Maiouf,0.0,0.0
20,5184.0,Osama Abdulrezag Hawsawi,0.0,0.0
21,5181.0,Yury Gazinskiy,1.0,2.0
22,5186.0,Denis Cheryshev,4.0,13.0
23,5190.0,Fahad Mosaed Al Muwallad Al Harbi,0.0,1.0
24,5179.0,Daler Kuzyaev,0.0,2.0
25,5195.0,Artem Dzyuba,3.0,7.0
26,5188.0,Hattan Babhir,0.0,6.0
27,5176.0,Mohanad Aseri Abu Radiah,0.0,1.0
28,5475.0,John Michael Nchekwube Obinna,0.0,0.0
29,5455.0,William Troost-Ekong,0.0,2.0
30,3471.0,Dejan Lovren,0.0,6.0
31,3963.0,Victor Moses,1.0,6.0
32,5465.0,Ante Rebić,1.0,15.0
33,5463.0,Luka Modrić,2.0,8.0
34,5457.0,Ivan Strinić,0.0,0.0
35,5462.0,Brian Oladapo Idowu,0.0,0.0
36,5470.0,Ivan Rakitić,1.0,12.0
37,5468.0,Domagoj Vida,1.0,3.0
38,5461.0,Šime Vrsaljko,0.0,5.0
39,5460.0,Andrej Kramarić,1.0,11.0
40,5472.0,Mario Mandžukić,3.0,12.0
41,3338.0,Onyinye Wilfred Ndidi,0.0,3.0
42,5471.0,Abdullahi Shehu,0.0,0.0
43,5454.0,Francis Odinaka Uzoho,0.0,0.0
44,3647.0,Alex Iwobi,0.0,4.0
45,5458.0,Odion Jude Ighalo,0.0,5.0
46,5467.0,Leon Aderemi Balogun,0.0,3.0
47,5466.0,Oghenekaro Etebo,0.0,6.0
48,5474.0,Ivan Perišić,3.0,22.0
49,3444.0,Danijel Subašić,0.0,0.0
50,5469.0,Marcelo Brozović,0.0,4.0
51,5473.0,Ahmed Musa,2.0,4.0
52,3708.0,Kelechi Promise Iheanacho,0.0,3.0
53,5456.0,Mateo Kovačić,0.0,4.0
54,5459.0,Marko Pjaca,0.0,1.0
55,5464.0,Simeon Tochukwu Nwankwo,0.0,0.0
56,5486.0,Andrew Nabbout,0.0,0.0
57,5478.0,Trent Sainsbury,0.0,3.0
58,5476.0,Benjamin Pavard,1.0,4.0
59,5480.0,Corentin Tolisso,0.0,2.0
60,5479.0,Aziz Eraltay Behich,0.0,2.0
61,5485.0,Raphaël Varane,1.0,4.0
62,3281.0,Aaron Mooy,0.0,2.0
63,3099.0,Hugo Lloris,0.0,0.0
64,5489.0,Mile Jedinak,2.0,3.0
65,5492.0,Samuel Yves Umtiti,1.0,2.0
66,20004.0,Paul Pogba,1.0,5.0
67,5487.0,Antoine Griezmann,4.0,15.0
68,3961.0,N''Golo Kanté,0.0,1.0
69,3009.0,Kylian Mbappé Lottin,4.0,8.0
70,3240.0,Mathew Ryan,0.0,0.0
71,5481.0,Mathew Leckie,0.0,9.0
72,5484.0,Lucas Hernández Pi,0.0,5.0
73,5477.0,Ousmane Dembélé,0.0,3.0
74,5482.0,Josh Risdon,0.0,1.0
75,5488.0,Mark Milligan,0.0,0.0
76,5491.0,Tom Rogić,0.0,5.0
77,5494.0,Robbie Kruse,0.0,1.0
78,5493.0,Tomi Jurić,0.0,0.0
79,2948.0,Nabil Fekir,0.0,3.0
80,5490.0,Jackson Irvine,0.0,0.0
81,3604.0,Olivier Giroud,0.0,15.0
82,4375.0,Blaise Matuidi,0.0,5.0
83,5483.0,Daniel Arzani,0.0,2.0
84,3720.0,Johann Berg Guðmunds­son,0.0,3.0
85,5509.0,Birkir Bjarnason,0.0,7.0
86,3602.0,Faustino Marcos Alberto Rojo,1.0,2.0
87,2995.0,Ángel Fabián Di María Hernández,1.0,4.0
88,3944.0,Gylfi Þór Sigurðsson,1.0,6.0
89,3659.0,Wilfredo Daniel Caballero,0.0,0.0
90,5507.0,Nicolás Alejandro Tagliafico,0.0,4.0
91,3090.0,Nicolás Hernán Otamendi,0.0,6.0
92,5513.0,Eduardo Antonio Salvio,0.0,1.0
93,5506.0,Javier Alejandro Mascherano,0.0,1.0
94,5510.0,Lucas Rodrigo Biglia,0.0,2.0
95,5499.0,Maximiliano Eduardo Meza,0.0,3.0
96,5505.0,Kári Árnason,0.0,0.0
97,3237.0,Sergio Leonel Agüero del Castillo,2.0,6.0
98,5503.0,Lionel Andrés Messi Cuccittini,1.0,12.0
99,5511.0,Ragnar Sigurðsson,0.0,0.0
100,5512.0,Emil Hallfreðsson,0.0,1.0
101,5515.0,Aron Einar Gunnarsson,0.0,2.0
102,5498.0,Hannes Þór Halldórsson,0.0,0.0
103,5514.0,Alfreð Finnbogason,1.0,6.0
104,5501.0,Hörður Björgvin Magnússon,0.0,2.0
105,5508.0,Birkir Már Sævarsson,0.0,0.0
106,5504.0,Éver Maximiliano David Banega,0.0,3.0
107,5495.0,Rúrik Gíslason,0.0,1.0
108,5502.0,Ari Freyr Skúlason,0.0,0.0
109,5496.0,Cristian David Pavón,0.0,1.0
110,5497.0,Gonzalo Gerardo Higuaín,0.0,3.0
111,5500.0,Björn Bergmann Sigurðarson,0.0,0.0
112,3043.0,Christian Dannemann Eriksen,1.0,9.0
113,3959.0,Andreas Christensen,0.0,0.0
114,5518.0,Miguel Ángel Trauco Saavedra,0.0,0.0
115,5529.0,Víctor Yoshimar Yotún Flores,0.0,3.0
116,5525.0,Édison Michael Flores Peralta,0.0,5.0
117,5531.0,Jefferson Agustín Farfán Guadalupe,0.0,4.0
118,5517.0,William Vitved Kvist Jørgensen,0.0,0.0
119,5536.0,Yussuf Yurary Poulsen,1.0,2.0
120,4763.0,Henrik Dalsgaard,0.0,1.0
121,5534.0,Simon Thorup Kjær,0.0,0.0
122,5527.0,Thomas Delaney,0.0,4.0
123,5519.0,Christian Alberto Cueva Bravo,0.0,1.0
124,5521.0,Luis Jan Piers Advíncula Castrillón,0.0,3.0
125,5523.0,Renato Fabrizio Tapia Cortijo,0.0,1.0
126,5530.0,Christian Guillermo Martín Ramos Garagay,0.0,0.0
127,5532.0,Alberto Junior Rodríguez Valdelomar,0.0,2.0
128,3632.0,André Martín Carrillo Díaz,1.0,3.0
129,5516.0,Pione Sisto Ifolo Emirmija,0.0,5.0
130,5524.0,Jens Stryger Larsen,0.0,2.0
131,5522.0,Nicolai Jørgensen,0.0,4.0
132,5528.0,Pedro David Gallese Quiróz,0.0,0.0
133,3815.0,Kasper Schmeichel,0.0,0.0
134,5520.0,Lasse Schöne,0.0,4.0
135,5535.0,José Paolo Guerrero Gonzáles,1.0,8.0
136,4447.0,Martin Braithwaite Christensen,0.0,4.0
137,5526.0,Pedro Jesús Aquino Sánchez,0.0,1.0
138,3027.0,Mathias Jattah-Njie Jørgensen,1.0,1.0
139,5533.0,Raúl Mario Ruidíaz Misitich,0.0,0.0
140,3202.0,Gabriel Fernando de Jesus,0.0,10.0
141,5539.0,Carlos Henrique Casimiro,0.0,4.0
142,3501.0,Philippe Coutinho Correia,2.0,23.0
143,5552.0,Marcelo Vieira da Silva Júnior,0.0,4.0
144,5540.0,Valon Behrami,0.0,1.0
145,5541.0,Stephan Lichtsteiner,0.0,3.0
146,5537.0,Fabian Lukas Schär,0.0,1.0
147,5549.0,Manuel Obafemi Akanji,0.0,2.0
148,3533.0,Xherdan Shaqiri,1.0,12.0
149,5551.0,João Miranda de Souza Filho,0.0,1.0
150,5543.0,Haris Seferović,0.0,1.0
151,5548.0,Steven Zuber,1.0,4.0
152,5544.0,Ricardo Iván Rodríguez Araya,0.0,5.0
153,3472.0,Willian Borges da Silva,0.0,5.0
154,3500.0,Granit Xhaka,1.0,4.0
155,5554.0,Blerim Džemaili,1.0,9.0
156,5547.0,Alisson Ramsés Becker,0.0,0.0
157,3295.0,Thiago Emiliano da Silva,1.0,6.0
158,5550.0,Yann Sommer,0.0,0.0
159,4320.0,Neymar da Silva Santos Junior,2.0,25.0
160,3063.0,Danilo Luiz da Silva,0.0,0.0
161,5542.0,José Paulo Bezzera Maciel Júnior,1.0,6.0
162,3054.0,Fernando Luiz Rosa,0.0,3.0
163,5553.0,Renato Soares de Oliveira Augusto,1.0,3.0
164,5538.0,Denis Lemi Zakaria Lako Lado,0.0,0.0
165,3535.0,Roberto Firmino Barbosa de Oliveira,1.0,6.0
166,5545.0,Breel-Donald Embolo,0.0,4.0
167,5546.0,Michael Lang,0.0,1.0
168,5560.0,Carlos Alberto Vela Garrido,1.0,8.0
169,5575.0,Héctor Miguel Herrera López,0.0,5.0
170,5576.0,Jesús Daniel Gallardo Vasconcelos,0.0,1.0
171,5573.0,Héctor Alfredo Moreno Herrera,0.0,2.0
172,5561.0,Hugo Ayala Castro,0.0,1.0
173,5577.0,Francisco Guillermo Ochoa Magaña,0.0,0.0
174,5562.0,Thomas Müller,0.0,4.0
175,3496.0,Mesut Özil,0.0,2.0
176,5566.0,Sami Khedira,0.0,3.0
177,5571.0,Hirving Rodrigo Lozano Bahena,1.0,12.0
178,5563.0,José Andrés Guardado Hernández,0.0,8.0
179,3058.0,Javier Hernández Balcázar,1.0,6.0
180,5564.0,Carlos Joel Salcedo Hernández,0.0,5.0
181,5556.0,Miguel Arturo Layún Prado,0.0,8.0
182,5570.0,Manuel Neuer,0.0,0.0
183,5569.0,Marvin Plattenhardt,0.0,1.0
184,5574.0,Toni Kroos,1.0,15.0
185,5578.0,Jérôme Boateng,0.0,3.0
186,5579.0,Joshua Kimmich,0.0,3.0
187,5557.0,Timo Werner,0.0,7.0
188,3186.0,Julian Draxler,0.0,6.0
189,5572.0,Mats Hummels,0.0,6.0
190,5559.0,Marco Reus,1.0,6.0
191,5567.0,Edson Omar Álvarez Velázquez,0.0,1.0
192,5568.0,Raúl Alonso Jiménez Rodríguez,0.0,1.0
193,5558.0,Rafael Márquez Álvarez,0.0,0.0
194,5565.0,Mario Gómez García,0.0,6.0
195,5555.0,Julian Brandt,0.0,4.0
196,4269.0,Aleksandar Mitrović,1.0,16.0
197,5603.0,Nikola Milenković,0.0,0.0
198,5589.0,Sergej Milinković-Savić,0.0,5.0
199,5587.0,Adem Ljajić,0.0,1.0
200,5596.0,Aleksandar Kolarov,1.0,1.0
201,3381.0,Nemanja Matić,0.0,3.0
202,5594.0,Branislav Ivanović,0.0,0.0
203,5599.0,David Alberto Guzmán Pérez,0.0,1.0
204,3831.0,Dušan Tadić,0.0,3.0
205,5595.0,Johan Alberto Venegas Ulloa,0.0,0.0
206,5600.0,Francisco Javier Calvo Quesada,0.0,1.0
207,5598.0,Óscar Esau Duarte Gaitán,0.0,2.0
208,5584.0,Giancarlo González Castro,0.0,2.0
209,5592.0,Bryan Ruiz González,0.0,1.0
210,5586.0,Marcos Danilo Ureña Porras,0.0,2.0
211,5601.0,Vladimir Stojković,0.0,0.0
212,5602.0,Cristian Gamboa Luna,0.0,3.0
213,5580.0,Duško Tošić,0.0,0.0
214,5582.0,Celso Borges Mora,0.0,5.0
215,5590.0,Johnny Acosta Zamora,0.0,0.0
216,5597.0,Keylor Navas Gamboa,0.0,0.0
217,3455.0,Luka Milivojević,0.0,0.0
218,5593.0,Christian Bolaños Navarro,0.0,0.0
219,5581.0,Joel Nathaniel Campbell Samuels,0.0,3.0
220,5591.0,Filip Kostić,0.0,4.0
221,5585.0,Daniel Colindres Solera,0.0,3.0
222,5588.0,Antonio Rukavina,0.0,0.0
223,5583.0,Aleksandar Prijović,0.0,0.0
224,5645.0,Armando Enrique Cooper Whitaker,0.0,1.0
225,5638.0,Fidel Escobar Mendieta,0.0,0.0
226,5631.0,Blas Antonio Miguel Pérez Ortega,0.0,1.0
227,3509.0,Thibaut Courtois,0.0,0.0
228,5633.0,Yannick Ferreira Carrasco,0.0,6.0
229,3077.0,Jan Vertonghen,1.0,2.0
230,5639.0,Anga Dedryck Boyata,0.0,1.0
231,3089.0,Kevin De Bruyne,1.0,9.0
232,3176.0,Thomas Meunier,1.0,6.0
233,5646.0,Aníbal Cesis Godoy,0.0,2.0
234,5642.0,Axel Witsel,0.0,6.0
235,5630.0,Dries Mertens,1.0,6.0
236,3289.0,Romelu Lukaku Menama,4.0,14.0
237,5636.0,Jaime Manuel Penedo Cano,0.0,0.0
238,5641.0,Michael Amir Murillo Bermudez,0.0,2.0
239,5637.0,Edgar Yoel Bárcenas Herrera,0.0,5.0
240,5640.0,Gabriel Enrique Gómez Girón,0.0,0.0
241,5628.0,José Luis Rodríguez Francis,0.0,3.0
242,20005.0,Toby Alderweireld,0.0,5.0
243,5634.0,Erick Javier Davis Grajales,0.0,0.0
244,3621.0,Eden Hazard,3.0,16.0
245,5635.0,Román Aureliano Torres Morcillo,0.0,4.0
246,5644.0,Ismael Díaz De León,0.0,0.0
247,5629.0,Gabriel Arturo Torres Tejada,0.0,1.0
248,5643.0,Luis Carlos Tejada Hansell,0.0,0.0
249,3037.0,Mousa Sidi Yaya Dembélé,0.0,0.0
250,5632.0,Thorgan Hazard,0.0,3.0
251,4831.0,Nacer Chadli,1.0,3.0
252,3094.0,Bamidele Alli,1.0,6.0
253,3244.0,John Stones,2.0,6.0
254,3205.0,Kyle Walker,0.0,0.0
255,3532.0,Jordan Brian Henderson,0.0,4.0
256,3336.0,Harry Maguire,1.0,11.0
257,3612.0,Ashley Young,0.0,0.0
258,3308.0,Kieran Trippier,1.0,0.0
259,5653.0,Mouez Hassen,0.0,0.0
260,5651.0,Yassine Meriah,0.0,0.0
261,5647.0,Ali Maâloul,0.0,0.0
262,5656.0,Syam Ben Youssef,0.0,0.0
263,5655.0,Dylan Daniel Mahmoud Bronn,1.0,1.0
264,3767.0,Ellyes Joris Skhiri,0.0,0.0
265,3293.0,Jesse Lingard,1.0,16.0
266,10955.0,Harry Kane,6.0,11.0
267,5650.0,Ferjani Sassi,1.0,4.0
268,5654.0,Fakhreddine Ben Youssef,1.0,7.0
269,3196.0,Wahbi Khazri,2.0,12.0
270,3233.0,Raheem Sterling,0.0,11.0
271,3557.0,Naïm Sliti,0.0,6.0
272,3468.0,Jordan Pickford,0.0,0.0
273,5649.0,Anice Badri,0.0,3.0
274,5648.0,Farouk Ben Mustapha,0.0,0.0
275,3318.0,Marcus Rashford,0.0,4.0
276,3504.0,Ruben Loftus-Cheek,0.0,3.0
277,5657.0,Mohamed Amine Ben Amor,0.0,0.0
278,5652.0,Saber Khalifa,0.0,0.0
279,5623.0,Jae-Sung Lee,0.0,5.0
280,5604.0,Young-Gwon Kim,1.0,1.0
281,5626.0,Shin-Wook Kim,0.0,0.0
282,5607.0,Andreas Granqvist,2.0,4.0
283,3605.0,Sung-Yeung Ki,0.0,3.0
284,5608.0,Yong Lee,0.0,1.0
285,5606.0,Hyun-Soo Jang,0.0,0.0
286,5619.0,Hyeon-Woo Jo,0.0,0.0
287,5621.0,Ludwig Augustinsson,1.0,2.0
288,5624.0,Albin Ekdal,0.0,3.0
289,5620.0,Hee-Chan Hwang,0.0,2.0
290,5617.0,Sebastian Larsson,0.0,1.0
291,3083.0,Heung-Min Son,2.0,13.0
292,5627.0,Ja-Cheol Koo,0.0,1.0
293,4709.0,Pontus Jansson,0.0,1.0
294,5612.0,Mikael Lustig,0.0,2.0
295,5622.0,Robin Olsen,0.0,0.0
296,4417.0,Ola Toivonen,1.0,4.0
297,5613.0,Viktor Claesson,0.0,6.0
298,5609.0,Joo-Ho Park,0.0,0.0
299,11098.0,Marcus Berg,0.0,15.0
300,5625.0,Emil Peter Forsberg,1.0,12.0
301,5610.0,Min-Woo Kim,0.0,1.0
302,5618.0,Woo-Young Jung,0.0,2.0
303,5605.0,Oscar Hiljemark,0.0,0.0
304,5616.0,Seung-Woo Lee,0.0,1.0
305,5615.0,Isaac Kiese Thelin,0.0,0.0
306,5611.0,Gustav Svensson,0.0,0.0
307,5661.0,M''Baye Babacar Niang,1.0,8.0
308,5675.0,Kalidou Koulibaly,0.0,0.0
309,5662.0,Thiago Rangel Cionek,0.0,0.0
310,5660.0,Piotr Zieliński,0.0,4.0
311,3629.0,Sadio Mané,1.0,2.0
312,5670.0,Michał Pazdan,0.0,0.0
313,3637.0,Grzegorz Krychowiak,1.0,2.0
314,5672.0,Maciej Rybus,0.0,0.0
315,5663.0,Jakub Błaszczykowski,0.0,0.0
316,5658.0,Łukasz Piszczek,0.0,1.0
317,3404.0,Youssouf Sabaly,0.0,2.0
318,3436.0,Idrissa Gana Gueye,0.0,2.0
319,5668.0,Robert Lewandowski,0.0,8.0
320,5664.0,Salif Sané,0.0,3.0
321,5674.0,Moussa Wagué,1.0,1.0
322,2941.0,Ismaïla Sarr,0.0,3.0
323,5671.0,Alfred John Momar N''Diaye,0.0,1.0
324,5665.0,Arkadiusz Milik,0.0,1.0
325,5669.0,Wojciech Szczęsny,0.0,0.0
326,5659.0,"Khadim N""Diaye",0.0,0.0
327,5667.0,Kamil Grosicki,0.0,5.0
328,3603.0,Mame Biram Diouf,0.0,2.0
329,4626.0,Jan Bednarek,1.0,1.0
330,5676.0,Cheikh N''Doye,0.0,1.0
331,3555.0,Pape Moussa Konaté,0.0,0.0
332,5666.0,Dawid Kownacki,0.0,2.0
333,5673.0,Bartosz Bereszyński,0.0,1.0
334,3684.0,Cheikhou Kouyaté,0.0,0.0
335,5251.0,Abdalla Mahmoud El Said Bekhit,0.0,2.0
336,4063.0,Ahmed Elsayed Ali Elsayed Hegazy,0.0,0.0
337,5250.0,Ahmed Fathy Abdel Meneim Ibrahim,0.0,1.0
338,3568.0,Mohamed Naser Elsayed Elneny,0.0,3.0
339,3531.0,Mohamed Salah,2.0,5.0
340,5254.0,Ali Gabr,0.0,1.0
341,5263.0,Mohamed Abdul Shafy Sayed Abouezeid,0.0,0.0
342,5261.0,Mahmoud Ibrahim Hassan,0.0,8.0
343,5252.0,Marwan Mohsen,0.0,6.0
344,5262.0,Tarek Hamed,0.0,2.0
345,5265.0,Mohamed El Sayed Mohamed El Shenawy Gomaa,0.0,0.0
346,5253.0,Amr Medhat Warda,0.0,2.0
347,3536.0,Ramadan Sobhi Ramadan Ahmed,0.0,0.0
348,5677.0,Fedor Kudryashov,0.0,0.0
349,5257.0,Mahmoud Abdul Monem Abdelhamid Soliman,0.0,0.0
350,5684.0,Shinji Kagawa,1.0,2.0
351,5681.0,Makoto Hasebe,0.0,1.0
352,3300.0,Maya Yoshida,0.0,2.0
353,5680.0,Oscar Fabián Murillo Murillo,0.0,2.0
354,5691.0,Johan Andrés Mojica Palacio,0.0,1.0
355,3279.0,José Heriberto Izquierdo Mena,0.0,0.0
356,3445.0,Radamel Falcao García Zárate,1.0,8.0
357,5678.0,Jefferson Andrés Lerma Solís,0.0,2.0
358,5685.0,Carlos Alberto Sánchez Moreno,0.0,0.0
359,5696.0,Santiago Arias Naranjo,0.0,1.0
360,5689.0,Juan Guillermo Cuadrado Bello,1.0,6.0
361,5692.0,Juan Fernando Quintero Paniagua,1.0,6.0
362,5687.0,Takashi Inui,2.0,9.0
363,3494.0,Davinson Sánchez Mina,0.0,2.0
364,4276.0,David Ospina Ramírez,0.0,0.0
365,5679.0,Yūya Ōsako,1.0,7.0
366,3530.0,Hiroki Sakai,0.0,2.0
367,5682.0,Gen Shōji,0.0,1.0
368,5693.0,Gaku Shibasaki,0.0,1.0
369,3175.0,Eiji Kawashima,0.0,0.0
370,5690.0,Yuto Nagatomo,0.0,2.0
371,5697.0,Genki Haraguchi,1.0,3.0
372,5686.0,Wílmar Enrique Barrios Terán,0.0,0.0
373,5695.0,James David Rodríguez Rubio,0.0,2.0
374,5688.0,Carlos Arturo Bacca Ahumada,0.0,2.0
375,5683.0,Keisuke Honda,1.0,3.0
376,5694.0,Hotaru Yamaguchi,0.0,0.0
377,3810.0,Shinji Okazaki,0.0,1.0
378,5726.0,Khalid Boutaïb,1.0,4.0
379,5232.0,Mbark Boussoufa,0.0,2.0
380,5221.0,Manuel Marouan da Costa Trinidade,0.0,2.0
381,5237.0,Hakim Ziyech,0.0,8.0
382,5245.0,Achraf Hakimi Mouh,0.0,1.0
383,3168.0,João Filipe Iria Santos Moutinho,0.0,0.0
384,5242.0,Younès Belhanda,0.0,6.0
385,20016.0,Kléper Laveran Lima Ferreira,1.0,3.0
386,5207.0,Cristiano Ronaldo dos Santos Aveiro,4.0,14.0
387,5244.0,Medhi Amine El Mouttaqi Benatia,0.0,5.0
388,3302.0,Nordin Amrabat,0.0,1.0
389,3329.0,Cédric Ricardo Alves Soares,0.0,0.0
390,5205.0,Rui Pedro dos Santos Patrício,0.0,1.0
391,4272.0,João Mário Naval da Costa Eduardo,0.0,1.0
392,5727.0,Nabil Dirar,0.0,2.0
393,5233.0,Munir Mohand Mohamedi,0.0,0.0
394,5236.0,Karim El Ahmadi Al Aroos,0.0,1.0
395,4367.0,Gonçalo Manuel Ganchinho Guedes,0.0,6.0
396,3193.0,Bernardo Mota Veiga de Carvalho e Silva,0.0,2.0
397,5209.0,Raphaël Adelino José Guerreiro,0.0,4.0
398,5214.0,William Silva de Carvalho,0.0,1.0
399,3960.0,José Miguel da Rocha Fonte,0.0,4.0
400,5723.0,Gelson Dany Batalha Martins,0.0,0.0
401,5204.0,Bruno Miguel Borges Fernandes,0.0,3.0
402,5725.0,Mehdi Carcela-González,0.0,0.0
403,5229.0,Ayoub El Kaabi,0.0,1.0
404,5724.0,Fayçal Fajr,0.0,0.0
405,3707.0,Adrien Sebastian Perruchet Silva,0.0,2.0
406,5198.0,Diego da Silva Costa,3.0,11.0
407,5216.0,Andrés Iniesta Luján,0.0,5.0
408,5203.0,Sergio Busquets i Burgos,0.0,5.0
409,3064.0,David Josué Jiménez Silva,0.0,8.0
410,5201.0,Sergio Ramos García,0.0,3.0
411,5211.0,Jordi Alba Ramos,0.0,2.0
412,5213.0,Gerard Piqué Bernabéu,0.0,8.0
413,5721.0,Daniel Carvajal Ramos,0.0,2.0
414,4926.0,Francisco Román Alarcón Suárez,1.0,9.0
415,5200.0,Lucas Vázquez Iglesias,0.0,0.0
416,5722.0,Saeid Ezatolahi Afagh,0.0,1.0
417,5241.0,Vahid Amiri,0.0,2.0
418,5224.0,Sardar Azmoun,0.0,5.0
419,5225.0,Omid Ebrahimi,0.0,1.0
420,5220.0,Morteza Pouraliganji,0.0,0.0
421,5235.0,Ramin Rezaeian,0.0,0.0
422,5226.0,Mehdi Taremi,0.0,3.0
423,5228.0,Seyed Majid Hosseini,0.0,0.0
424,5227.0,Alireza Safar Beiranvand,0.0,0.0
425,5230.0,Ehsan Hajsafi,0.0,1.0
426,5231.0,Karim Ansarifard,1.0,2.0
427,3333.0,David de Gea Quintana,0.0,0.0
428,5199.0,Jorge Resurrección Merodio,0.0,1.0
429,5720.0,Milad Mohammadi,0.0,0.0
430,5239.0,Alireza Jahanbakhsh,0.0,1.0
431,5719.0,Marco Asensio Willemsen,0.0,3.0
432,5240.0,Saman Ghoddos,0.0,2.0
433,5718.0,Rodrigo Moreno Machado,0.0,4.0
434,5267.0,Néstor Fernando Muslera Micol,0.0,0.0
435,5259.0,José María Giménez de Vargas,1.0,4.0
436,5260.0,Rodrigo Bentancur Colmán,0.0,3.0
437,5255.0,Matías Vecino Falero,0.0,4.0
438,5248.0,José Martín Cáceres Silva,0.0,7.0
439,5249.0,Diego Roberto Godín Leal,0.0,3.0
440,5264.0,Guillermo Varela Olivera,0.0,0.0
441,5256.0,Cristian Gabriel Rodríguez Barrotti,0.0,4.0
442,5246.0,Luis Alberto Suárez Díaz,2.0,10.0
443,5715.0,Ali Albulayhi,0.0,0.0
444,5714.0,Mohammed Khalil Al Owais,0.0,0.0
445,5268.0,Carlos Andrés Sánchez Arcosa,0.0,2.0
446,4319.0,Edinson Roberto Cavani Gómez,3.0,14.0
447,5716.0,Hussain Al Mogahwi,0.0,4.0
448,5266.0,Lucas Torreira Di Pascua,0.0,2.0
449,5717.0,Diego Sebastián Laxalt Suárez,0.0,1.0
450,5713.0,Mohammed Kanoo,0.0,1.0
451,5247.0,Nahitan Michel Nández Acosta,0.0,1.0
452,5742.0,Gabriel Iván Mercado,1.0,1.0
453,19597.0,Marcos Javier Acuña,0.0,1.0
454,5741.0,Enzo Nicolás Pérez,0.0,1.0
455,5743.0,Paulo Bruno Exequiel Dybala,0.0,1.0
456,5739.0,Vedran Ćorluka,0.0,0.0
457,5738.0,Anderson Santamaría Bardales,0.0,0.0
458,5732.0,Andreas Evald Cornelius,0.0,1.0
459,5836.0,Bryan Oviedo,0.0,3.0
460,5838.0,Fágner Conserva Lemos,0.0,0.0
461,5837.0,Douglas Costa de Souza,0.0,4.0
462,5839.0,Yeltsin Ignacio Tejeda Valverde,0.0,0.0
463,5830.0,Kenneth Josiah Omeruo,0.0,1.0
464,5829.0,Jón Daði Böðvarsson,0.0,1.0
465,5832.0,Tyronne Ebuehi,0.0,0.0
466,5831.0,Sverrir Ingi Ingason,0.0,3.0
467,5834.0,Mario Gavranović,0.0,3.0
468,5833.0,Nemanja Radonjić,0.0,0.0
469,3167.0,Antonio Rüdiger,0.0,0.0
470,6040.0,Jonas Hector,0.0,2.0
471,6039.0,Sebastian Rudy,0.0,1.0
472,3702.0,Victor Nilsson Lindelöf,0.0,0.0
473,10287.0,İlkay Gündoğan,0.0,1.0
474,19988.0,Jimmy Durmaz,0.0,0.0
475,6038.0,John Guidetti,0.0,1.0
476,2974.0,Saîf-Eddine Khaoui,0.0,2.0
477,5936.0,Hamdi Nagguez,0.0,1.0
478,4826.0,Yohan Benalouane,0.0,0.0
479,3296.0,Marouane Fellaini-Bakkioui,1.0,5.0
480,3457.0,Michy Batshuayi Tunga,1.0,8.0
481,2954.0,Youri Tielemans,0.0,4.0
482,5989.0,Seon-Min Moon,0.0,2.0
483,5988.0,Se-Jong Ju,0.0,0.0
484,5985.0,Jesús Manuel Corona Ruíz,0.0,0.0
485,5987.0,Giovani dos Santos Ramírez,0.0,0.0
486,5986.0,Chul Hong,0.0,0.0
487,6138.0,Ricardo Guardia Avila,0.0,1.0
488,4597.0,Fabian Delph,0.0,3.0
489,3594.0,Danny Rose,0.0,1.0
490,6139.0,Felipe Abdiel Baloy Ramírez,1.0,1.0
491,6140.0,Abdiel Arroyo Molinar,0.0,0.0
492,10960.0,Jamie Vardy,0.0,3.0
493,6195.0,Jacek Góralski,0.0,1.0
494,6196.0,Yerry Fernando Mina González,3.0,3.0
495,6192.0,Abel Enrique Aguilar Tapia,0.0,0.0
496,6193.0,Andrés Mateus Uribe Villa,0.0,2.0
497,6194.0,Łukasz Teodorczyk,0.0,1.0
498,3034.0,Kamil Glik,0.0,1.0
499,4277.0,Papa Alioune N''Diaye,0.0,1.0
500,6191.0,Takashi Usami,0.0,3.0
501,5218.0,André Miguel Valente Silva,0.0,2.0
502,5215.0,Ricardo Andrade Quaresma Bernardo,1.0,5.0
503,6299.0,Aleksey Miranchuk,0.0,0.0
504,6300.0,Sebastián Coates Nión,0.0,0.0
505,6298.0,Igor Smolnikov,0.0,0.0
506,5258.0,Giorgian Daniel De Arrascaeta Benedetti,0.0,1.0
507,6297.0,Maximiliano Gómez González,0.0,0.0
508,6292.0,Essam Kamal Tawfik El Hadary,0.0,0.0
509,6290.0,Motaz Ali Hassan Hawsawi,0.0,0.0
510,6291.0,Yasser Abdullah Al Mosailem,0.0,0.0
511,5208.0,Thiago Alcântara do Nascimento,0.0,2.0
512,5219.0,Romain Saïss,0.0,1.0
513,6301.0,Youssef En-Nesyri,1.0,1.0
514,5217.0,Iago Aspas Juncal,1.0,4.0
515,5223.0,Aziz Bouhaddouz,0.0,0.0
516,6305.0,Milan Badelj,1.0,2.0
517,6307.0,Duje Ćaleta-Car,0.0,0.0
518,6309.0,Tin Jedvaj,0.0,0.0
519,6311.0,Lovre Kalinić,0.0,0.0
520,6308.0,Josip Pivarić,0.0,2.0
521,6310.0,Filip Bradarić,0.0,0.0
522,6304.0,Arnór Ingvi Traustason,0.0,0.0
523,6306.0,Albert Gudmundsson,0.0,0.0
524,6314.0,Tim Cahill,0.0,2.0
525,6315.0,Christopher Paolo César Hurtado Huertas,0.0,0.0
526,6313.0,Wilder José Cartagena Mendoza,0.0,0.0
527,5737.0,Steven N''Kemboanza Mike Christopher Nzonzi,0.0,0.0
528,3446.0,Djibril Sidibé,0.0,0.0
529,2999.0,Presnel Kimpembe,0.0,0.0
530,3245.0,Thomas Lemar,0.0,1.0
531,3543.0,Steve Mandanda,0.0,0.0
532,3261.0,Benjamin Mendy,0.0,0.0
533,6303.0,Viktor Fischer,0.0,1.0
534,6302.0,Kasper Dolberg,0.0,0.0
535,6312.0,Franco Armani,0.0,0.0
536,6321.0,Milos Veljkovic,0.0,0.0
537,6320.0,Filipe Luís Kasmirski,0.0,1.0
538,6318.0,Andrija Živković,0.0,1.0
539,6317.0,Marco Jhonfai Fabián De La Mora,0.0,1.0
540,6316.0,Oribe Peralta Morones,0.0,0.0
541,6322.0,Niklas Süle,0.0,0.0
542,6323.0,Young-Sun Yun,0.0,0.0
543,6324.0,Leon Goretzka,0.0,2.0
544,6325.0,Yo-Han Go,0.0,0.0
545,6328.0,Kendall Jamaal Waston Manley,1.0,1.0
546,5835.0,Josip Drmic,1.0,4.0
547,6326.0,Rodney Wallace,0.0,0.0
548,6327.0,Rándall Azofeifa Corrales,0.0,0.0
549,6329.0,Ian Rey Smith Quiros,0.0,0.0
550,3252.0,Oussama Haddadi,0.0,0.0
551,6346.0,Adolfo Abdiel Machado,0.0,0.0
552,6347.0,Ghilane Chalali,0.0,1.0
553,6345.0,Rami Bedoui,0.0,0.0
554,6342.0,Aymen Mathlouthi,0.0,0.0
555,6344.0,Luis Carlos Ovalle Victoria,0.0,1.0
556,6343.0,Harold Oshkaly Cummings Segura,0.0,0.0
557,6348.0,Ahmed Khalil,0.0,0.0
558,3226.0,Bassem Srarfi,0.0,0.0
559,3314.0,Phil Jones,0.0,0.0
560,3664.0,Trent Alexander-Arnold,0.0,0.0
561,3645.0,Gary Cahill,0.0,0.0
562,6332.0,Thomas Vermaelen,0.0,0.0
563,10956.0,Eric Dier,0.0,5.0
564,6330.0,Adnan Januzaj,1.0,3.0
565,6331.0,Leander Dendoncker,0.0,0.0
566,3101.0,Vincent Kompany,0.0,6.0
567,3569.0,Daniel Nii Tackie Mensah Welbeck,0.0,2.0
568,6335.0,Lamine Gassama,0.0,0.0
569,3145.0,Keita Baldé Diao,0.0,1.0
570,6334.0,Luis Fernando Muriel Fruto,0.0,1.0
571,6333.0,Miguel Ángel Borja Hernández,0.0,0.0
572,3962.0,Diafra Sakho,0.0,0.0
573,3262.0,Łukasz Fabiański,0.0,0.0
574,4685.0,Artur Jędrzejczyk,0.0,1.0
575,6336.0,Rafał Kurzawa,0.0,2.0
576,6338.0,Tomoaki Makino,0.0,2.0
577,6337.0,Yoshinori Muto,0.0,2.0
578,6339.0,Gotoku Sakai,0.0,1.0
579,6340.0,Sławomir Peszko,0.0,0.0
580,5202.0,José Ignacio Fernández Iglesias,1.0,1.0
581,5238.0,Masoud Shojaei Soleimani,0.0,0.0
582,5243.0,Amine Harit,0.0,3.0
583,5222.0,Roozbeh Cheshmi,0.0,1.0
584,5234.0,Sofyan Amrabat,0.0,0.0
585,3878.0,Sam Morsy,0.0,0.0
586,6352.0,Ricardo Domingos Barbosa Pereira,0.0,0.0
587,6351.0,Cristhian Ricardo Stuani Curbelo,0.0,1.0
588,6350.0,Manuel Henrique Tavares Fernandes,0.0,2.0
589,6349.0,Federico Julián Fazio,0.0,0.0
590,3254.0,Florian Thauvin,0.0,0.0
591,6355.0,Jonas Knudsen,0.0,0.0
592,6356.0,Michael Krohn-Dehli,0.0,0.0
593,6353.0,Vladimir Granat,0.0,0.0
594,6354.0,Aleksandr Erokhin,0.0,3.0
595,6357.0,Jonathan dos Santos Ramírez,0.0,0.0
596,4372.0,Marcos Aoás Corrêa,0.0,0.0
597,6360.0,Cristian Eduardo Zapata Valencia,0.0,0.0
598,6359.0,Johan Danon Djourou-Gbadjere,0.0,0.0
599,6358.0,Emil Krafth,0.0,0.0
600,3576.0,Martin Olsson,0.0,0.0
601,6426.0,Jonathan Matías Urretaviscaya da Luz,0.0,0.0
